,Field,Value,
,Function,0.1*x**2 - x*log10(x),
,Interval,"[1,3]",
,Tolerance,0.01,
,Root found,1.3671875,
,f(root),0.001218,
,Total iterations,8,
,,,

Iteration,Approximation,f(x),Error Approximate
1,2,-0.2020599913,N/A
2,1.5,-0.0391368886,0.5
3,1.25,0.0351124837,0.25
4,1.375,-0.0029189994,0.125
5,1.3125,0.0161329061,0.0625
6,1.34375,0.0066448335,0.03125
7,1.359375,0.0018683474,0.015625
8,1.3671875,-0.0005228157,0.0078125
